LabelType,Recover#,TimeDiff,BSidx,BSrecord#,DateTime,PktID,Validity,Total,Ins,Outs,Passbys,gtIdx,DateTime,gtIns,gtOuts,gtPb_near,gt_Pb_far,gtlinger,gtMultiIns,gtMultiOuts,gtMultiPbs
Null,0,,,,,,,,,,,1,1900-03-14 09:31:37,1,0,0,0,0,0,0,0
Null,0,,,,,,,,,,,2,1900-03-14 09:31:43,1,0,0,0,0,0,0,0
Null,0,,,,,,,,,,,3,1900-03-14 09:32:32,0,1,0,0,0,0,0,0
Null,0,,,,,,,,,,,4,1900-03-14 09:35:19,0,0,0,0,1,0,0,0
Null,0,,,,,,,,,,,5,1900-03-14 09:58:08,0,0,0,0,0,1,0,0
Null,0,,,,,,,,,,,6,1900-03-14 09:58:13,0,1,0,0,0,0,0,0
Null,0,,,,,,,,,,,7,1900-03-14 09:58:37,1,0,0,0,0,0,0,0
Null,0,,,,,,,,,,,8,1900-03-14 09:58:44,0,1,0,0,0,0,0,0
Null,0,,,,,,,,,,,9,1900-03-14 10:04:51,0,1,0,0,0,0,0,0
Null,0,,,,,,,,,,,10,1900-03-14 10:05:15,0,0,0,1,0,0,0,0
Null,0,,,,,,,,,,,11,1900-03-14 10:08:42,0,1,0,0,0,0,0,0
Null,0,,,,,,,,,,,12,1900-03-14 10:08:47,0,1,0,0,0,0,0,0
Null,0,,,,,,,,,,,13,1900-03-14 10:09:02,0,1,0,0,0,0,0,0
CONFIRMED,3,2.0,2,6,1900-03-14 10:09:08,36,Valid,5,0,5,0,14,1900-03-14 10:09:06,0,1,0,0,0,0,0,0
Null,0,,,,,,,,,,,15,1900-03-14 10:09:18,0,1,0,0,0,0,0,0
Null,0,,,,,,,,,,,16,1900-03-14 10:10:30,0,0,0,0,0,0,1,0
Null,0,,,,,,,,,,,17,1900-03-14 10:11:10,1,0,0,0,0,0,0,0
Null,0,,,,,,,,,,,18,1900-03-14 10:15:30,0,1,0,0,0,0,0,0
Null,0,,,,,,,,,,,19,1900-03-14 10:16:26,1,0,0,0,0,0,0,0
Null,0,,,,,,,,,,,20,1900-03-14 10:38:46,0,0,0,0,0,0,1,0
Null,0,,,,,,,,,,,21,1900-03-14 10:38:57,0,1,0,0,0,0,0,0
Null,0,,,,,,,,,,,22,1900-03-14 10:31:22,0,0,0,0,0,0,1,0
Null,0,,,,,,,,,,,23,1900-03-14 10:32:31,0,1,0,0,0,0,0,0
Null,0,,,,,,,,,,,24,1900-03-14 10:33:04,1,0,0,0,0,0,0,0
Null,0,,,,,,,,,,,25,1900-03-14 10:34:32,1,0,0,0,0,0,0,0
Null,0,,,,,,,,,,,26,1900-03-14 10:34:49,0,1,0,0,0,0,0,0
Null,0,,,,,,,,,,,27,1900-03-14 10:44:02,0,1,0,0,0,0,0,0
Null,0,,,,,,,,,,,28,1900-03-14 10:44:22,1,0,0,0,0,0,0,0
Null,0,,,,,,,,,,,29,1900-03-14 10:45:10,1,0,0,0,0,0,0,0
Null,0,,,,,,,,,,,30,1900-03-14 10:45:22,1,0,0,0,0,0,0,0
CONFIRMED,3,0.0,5,28,1900-03-14 10:46:18,40,Valid,5,3,2,0,31,1900-03-14 10:46:18,0,1,0,0,0,0,0,0
Null,0,,,,,,,,,,,32,1900-03-14 10:46:48,0,1,0,0,0,0,0,0
Null,0,,,,,,,,,,,33,1900-03-14 10:48:00,1,0,0,0,0,0,0,0
Null,0,,,,,,,,,,,34,1900-03-14 10:48:11,1,0,0,0,0,0,0,0
Null,0,,,,,,,,,,,35,1900-03-14 10:48:13,1,0,0,0,0,0,0,0
CONFIRMED,1,2.0,6,30,1900-03-14 10:48:45,41,Valid,5,2,2,1,36,1900-03-14 10:48:43,0,1,0,0,0,0,0,0
Null,0,,,,,,,,,,,37,1900-03-14 10:49:41,1,0,0,0,0,0,0,0
Null,0,,,,,,,,,,,38,1900-03-14 10:50:01,1,0,0,0,0,0,0,0
Null,0,,,,,,,,,,,39,1900-03-14 10:50:02,1,0,0,0,0,0,0,0
Null,0,,,,,,,,,,,40,1900-03-14 10:50:13,1,0,0,0,0,0,0,0
Null,0,,,,,,,,,,,41,1900-03-14 10:50:19,1,0,0,0,0,0,0,0
Null,0,,,,,,,,,,,42,1900-03-14 10:50:40,1,0,0,0,0,0,0,0
CONFIRMED,1,-1.0,7,35,1900-03-14 10:50:42,42,Valid,5,5,0,0,43,1900-03-14 10:50:43,1,0,0,0,0,0,0,0
Null,0,,,,,,,,,,,44,1900-03-14 10:50:50,1,0,0,0,0,0,0,0
Null,0,,,,,,,,,,,45,1900-03-14 10:50:55,1,0,0,0,0,0,0,0
Null,0,,,,,,,,,,,46,1900-03-14 10:52:58,0,1,0,0,0,0,0,0
Null,0,,,,,,,,,,,47,1900-03-14 10:53:03,1,1,0,0,0,0,0,0
CONFIRMED,1,2.0,8,42,1900-03-14 10:53:17,43,Valid,5,3,2,0,48,1900-03-14 10:53:15,1,0,0,0,0,0,0,0
Null,0,,,,,,,,,,,49,1900-03-14 10:53:22,0,1,0,0,0,0,0,0
Null,0,,,,,,,,,,,50,1900-03-14 10:54:17,0,0,0,0,0,1,0,0
Null,0,,,,,,,,,,,51,1900-03-14 10:54:56,0,1,0,0,0,0,0,0
Null,0,,,,,,,,,,,52,1900-03-14 10:54:59,1,0,0,0,0,0,0,0
CONFIRMED,1,6.0,9,45,1900-03-14 10:55:09,44,Valid,5,1,3,1,53,1900-03-14 10:55:03,1,0,0,0,0,0,0,0
Null,0,,,,,,,,,,,54,1900-03-14 10:55:31,0,1,0,0,0,0,0,0
Null,0,,,,,,,,,,,55,1900-03-14 10:55:33,0,1,0,0,0,0,0,0
Null,0,,,,,,,,,,,56,1900-03-14 10:56:11,0,1,0,0,0,0,0,0
Null,0,,,,,,,,,,,57,1900-03-14 10:56:42,1,0,0,0,0,0,0,0
CONFIRMED,1,2.0,10,48,1900-03-14 10:57:01,45,Valid,5,2,2,1,58,1900-03-14 10:56:59,1,0,0,0,0,0,0,0
Null,0,,,,,,,,,,,59,1900-03-14 10:57:22,0,1,0,0,0,0,0,0
Null,0,,,,,,,,,,,60,1900-03-14 10:57:41,1,0,0,0,0,0,0,0
Null,0,,,,,,,,,,,61,1900-03-14 10:57:44,1,0,0,0,0,0,0,0
Null,0,,,,,,,,,,,62,1900-03-14 10:58:28,1,0,0,0,0,0,0,0
CONFIRMED,1,2.0,11,51,1900-03-14 10:58:29,46,Valid,5,3,1,1,63,1900-03-14 10:58:27,1,0,0,0,0,0,0,0
Null,0,,,,,,,,,,,64,1900-03-14 10:58:57,1,0,0,0,0,0,0,0
Null,0,,,,,,,,,,,65,1900-03-14 10:59:59,1,0,0,0,0,0,0,0
Null,0,,,,,,,,,,,66,1900-03-14 11:00:25,1,0,0,0,0,0,0,0
FPpkt,1,,12,57,1900-03-14 11:04:38,47,Valid,5,4,1,0,,,,,,,,,,
Null,0,,,,,,,,,,,67,1900-03-14 11:05:15,0,1,0,0,0,0,0,0
Null,0,,,,,,,,,,,68,1900-03-14 11:06:58,0,1,0,0,0,0,0,0
Null,0,,,,,,,,,,,69,1900-03-14 11:07:02,1,0,0,0,0,0,0,0
Null,0,,,,,,,,,,,70,1900-03-14 11:10:50,0,1,0,0,0,0,0,0
Null,0,,,,,,,,,,,71,1900-03-14 11:12:02,0,1,0,0,0,0,0,0
Null,0,,,,,,,,,,,72,1900-03-14 11:12:38,1,0,0,0,0,0,0,0
Null,0,,,,,,,,,,,73,1900-03-14 11:33:51,1,0,0,0,0,0,0,0
Null,0,,,,,,,,,,,74,1900-03-14 11:34:25,1,0,0,0,0,0,0,0
Null,0,,,,,,,,,,,75,1900-03-14 11:42:19,0,1,0,0,0,0,0,0
Null,0,,,,,,,,,,,76,1900-03-14 11:43:34,0,1,0,0,0,0,0,0
Null,0,,,,,,,,,,,77,1900-03-14 11:44:56,1,0,0,0,0,0,0,0
Null,0,,,,,,,,,,,78,1900-03-14 11:45:11,1,0,0,0,0,0,0,0
Null,0,,,,,,,,,,,79,1900-03-14 11:46:19,0,1,0,0,0,0,0,0
Null,0,,,,,,,,,,,80,1900-03-14 11:51:56,1,0,0,0,0,0,0,0
Null,0,,,,,,,,,,,81,1900-03-14 11:52:36,1,0,0,0,0,0,0,0
Null,0,,,,,,,,,,,82,1900-03-14 11:55:25,0,1,0,0,0,0,0,0
Null,0,,,,,,,,,,,83,1900-03-14 11:56:15,1,0,0,0,0,0,0,0
Null,0,,,,,,,,,,,84,1900-03-14 11:57:44,1,0,0,0,0,0,0,0
CONFIRMED,3,1.0,15,73,1900-03-14 11:58:22,52,Valid,5,2,3,0,85,1900-03-14 11:58:21,0,1,0,0,0,0,0,0
Null,0,,,,,,,,,,,86,1900-03-14 12:01:29,0,1,0,0,0,0,0,0
Null,0,,,,,,,,,,,87,1900-03-14 12:01:35,0,1,0,0,0,0,0,0
Null,0,,,,,,,,,,,88,1900-03-14 12:02:19,0,1,0,0,0,0,0,0
Null,0,,,,,,,,,,,89,1900-03-14 12:02:20,0,1,0,0,0,0,0,0
CONFIRMED,1,-1.0,16,79,1900-03-14 12:03:41,53,Valid,5,1,4,0,90,1900-03-14 12:03:42,0,1,0,0,0,0,0,0
Null,0,,,,,,,,,,,91,1900-03-14 12:04:31,1,0,0,0,0,0,0,0
Null,0,,,,,,,,,,,92,1900-03-14 12:04:35,1,0,0,0,0,0,0,0
CONFIRMED,1,1.0,17,83,1900-03-14 12:07:09,54,Valid,5,3,2,0,93,1900-03-14 12:07:08,1,0,0,0,0,0,0,0
Null,0,,,,,,,,,,,94,1900-03-14 12:07:44,0,1,0,0,0,0,0,0
Null,0,,,,,,,,,,,95,1900-03-14 12:15:30,0,1,0,0,0,0,0,0
Null,0,,,,,,,,,,,96,1900-03-14 12:15:34,0,1,0,0,0,0,0,0
Null,0,,,,,,,,,,,97,1900-03-14 12:15:41,1,0,0,0,0,0,0,0
Null,0,,,,,,,,,,,98,1900-03-14 12:15:42,0,1,0,0,0,0,0,0
Null,0,,,,,,,,,,,99,1900-03-14 12:15:44,0,1,0,0,0,0,0,0
Null,0,,,,,,,,,,,100,1900-03-14 12:15:47,0,1,0,0,0,0,0,0
Null,0,,,,,,,,,,,101,1900-03-14 12:15:50,0,0,0,0,0,1,0,0
Null,0,,,,,,,,,,,102,1900-03-14 12:15:57,0,1,0,0,0,0,0,0
Null,0,,,,,,,,,,,103,1900-03-14 12:16:07,0,0,0,0,0,1,0,0
Null,0,,,,,,,,,,,104,1900-03-14 12:16:26,1,0,0,0,0,0,0,0
CONFIRMED,2,2.0,19,88,1900-03-14 12:17:20,56,Valid,5,2,3,0,105,1900-03-14 12:17:18,1,0,0,0,0,0,0,0
Null,0,,,,,,,,,,,106,1900-03-14 12:17:24,0,1,0,0,0,0,0,0
Null,0,,,,,,,,,,,107,1900-03-14 12:18:11,0,0,0,0,0,1,0,0
Null,0,,,,,,,,,,,108,1900-03-14 12:21:24,0,1,0,0,0,0,0,0
Null,0,,,,,,,,,,,109,1900-03-14 12:21:43,1,0,0,0,0,0,0,0
FPpkt,1,,20,91,1900-03-14 12:23:01,57,Valid,5,2,3,0,,,,,,,,,,
Null,0,,,,,,,,,,,110,1900-03-14 12:23:27,0,1,0,0,0,0,0,0
Null,0,,,,,,,,,,,111,1900-03-14 12:23:34,1,0,0,0,0,0,0,0
Null,0,,,,,,,,,,,112,1900-03-14 12:23:47,0,1,0,0,0,0,0,0
Null,0,,,,,,,,,,,113,1900-03-14 12:26:22,1,0,0,0,0,0,0,0
Null,0,,,,,,,,,,,114,1900-03-14 12:26:31,0,0,0,1,0,0,0,0
CONFIRMED,1,2.0,21,92,1900-03-14 12:26:33,58,Valid,5,2,3,0,115,1900-03-14 12:26:31,0,0,0,1,0,0,0,0
Null,0,,,,,,,,,,,116,1900-03-14 12:27:11,0,1,0,0,0,0,0,0
Null,0,,,,,,,,,,,117,1900-03-14 12:27:35,0,1,0,0,0,0,0,0
Null,0,,,,,,,,,,,118,1900-03-14 12:27:41,1,0,0,0,0,0,0,0
CONFIRMED,1,1.0,22,94,1900-03-14 12:29:51,59,Valid,5,2,3,0,119,1900-03-14 12:29:50,1,0,0,0,0,0,0,0
Null,0,,,,,,,,,,,120,1900-03-14 12:29:53,1,0,0,0,0,0,0,0
Null,0,,,,,,,,,,,121,1900-03-14 12:42:53,1,0,0,0,0,0,0,0
Null,0,,,,,,,,,,,122,1900-03-14 12:45:33,0,1,0,0,0,0,0,0
Null,0,,,,,,,,,,,123,1900-03-14 12:47:30,1,0,0,0,0,0,0,0
Null,0,,,,,,,,,,,124,1900-03-14 12:50:13,0,1,0,0,0,0,0,0
Null,0,,,,,,,,,,,125,1900-03-14 12:50:58,1,0,0,0,0,0,0,0
Null,0,,,,,,,,,,,126,1900-03-14 12:51:23,0,0,0,0,0,1,0,0
Null,0,,,,,,,,,,,127,1900-03-14 13:06:38,0,1,0,0,0,0,0,0
Null,0,,,,,,,,,,,128,1900-03-14 13:07:23,1,0,0,0,0,0,0,0
Null,0,,,,,,,,,,,129,1900-03-14 13:12:28,0,1,0,0,0,0,0,0
Null,0,,,,,,,,,,,130,1900-03-14 13:15:48,1,0,0,0,0,0,0,0
Null,0,,,,,,,,,,,131,1900-03-14 13:16:48,0,1,0,0,0,0,0,0
Null,0,,,,,,,,,,,132,1900-03-14 13:17:42,1,0,0,0,0,0,0,0
Null,0,,,,,,,,,,,133,1900-03-14 13:20:25,1,0,0,0,0,0,0,0
Null,0,,,,,,,,,,,134,1900-03-14 13:23:52,0,1,0,0,0,0,0,0
Null,0,,,,,,,,,,,135,1900-03-14 13:26:58,0,1,0,0,0,0,0,0
Null,0,,,,,,,,,,,136,1900-03-14 13:31:47,0,0,0,0,0,1,0,0
Null,0,,,,,,,,,,,137,1900-03-14 13:33:31,1,0,0,0,0,0,0,0
Null,0,,,,,,,,,,,138,1900-03-14 13:41:36,1,0,0,0,0,0,0,0
Null,0,,,,,,,,,,,139,1900-03-14 12:41:50,1,0,0,0,0,0,0,0
Null,0,,,,,,,,,,,140,1900-03-14 13:42:08,0,1,0,0,0,0,0,0
Null,0,,,,,,,,,,,141,1900-03-14 13:44:26,1,0,0,0,0,0,0,0
CONFIRMED,3,5.0,25,96,1900-03-14 13:46:30,65,Valid,5,2,2,1,142,1900-03-14 13:46:25,0,0,0,0,0,1,0,0
Null,0,,,,,,,,,,,143,1900-03-14 13:49:36,0,0,0,0,0,1,0,0
Null,0,,,,,,,,,,,144,1900-03-14 13:50:30,0,1,0,0,0,1,0,0
Null,0,,,,,,,,,,,145,1900-03-14 13:51:26,0,0,0,0,0,1,0,0
Null,0,,,,,,,,,,,146,1900-03-14 14:00:20,1,0,0,0,0,0,0,0
Null,0,,,,,,,,,,,147,1900-03-14 14:04:00,1,0,0,0,0,0,1,0
Null,0,,,,,,,,,,,148,1900-03-14 14:05:21,1,0,0,0,0,0,0,0
Null,0,,,,,,,,,,,149,1900-03-14 14:10:16,0,1,0,0,0,0,0,0
Null,0,,,,,,,,,,,150,1900-03-14 14:12:41,0,1,0,0,0,0,0,0
Null,0,,,,,,,,,,,151,1900-03-14 14:14:26,0,1,0,0,0,0,0,0
CONFIRMED,3,1.0,28,103,1900-03-14 14:16:33,68,Valid,5,3,2,0,152,1900-03-14 14:16:32,1,0,0,0,0,0,0,0
Null,0,,,,,,,,,,,153,1900-03-14 14:20:29,0,1,0,0,0,0,0,0
Null,0,,,,,,,,,,,154,1900-03-14 14:41:55,0,1,0,0,0,0,0,0
Null,0,,,,,,,,,,,155,1900-03-14 14:44:06,0,1,0,0,0,0,0,0
Null,0,,,,,,,,,,,156,1900-03-14 14:50:44,1,0,0,0,0,0,0,0
Null,0,,,,,,,,,,,157,1900-03-14 14:51:31,0,1,0,0,0,0,0,0
Null,0,,,,,,,,,,,158,1900-03-14 14:53:13,1,0,0,0,0,0,0,0
Null,0,,,,,,,,,,,159,1900-03-14 14:57:23,0,1,0,0,0,0,0,0
Null,0,,,,,,,,,,,160,1900-03-14 14:57:34,1,0,0,0,0,0,0,0
Null,0,,,,,,,,,,,161,1900-03-14 14:57:38,0,1,0,0,0,0,0,0
Null,0,,,,,,,,,,,162,1900-03-14 15:00:59,1,0,0,0,0,0,0,0
Null,0,,,,,,,,,,,163,1900-03-14 15:03:11,0,1,0,0,0,0,0,0
Null,0,,,,,,,,,,,164,1900-03-14 15:05:18,1,0,0,0,0,0,0,0
Null,0,,,,,,,,,,,165,1900-03-14 15:06:08,1,0,0,0,0,0,0,0
Null,0,,,,,,,,,,,166,1900-03-14 15:15:22,1,0,0,0,0,0,0,0
Null,0,,,,,,,,,,,167,1900-03-14 15:16:13,0,1,0,0,0,0,0,0
CONFIRMED,3,0.0,31,108,1900-03-14 15:17:11,72,Valid,5,0,4,1,168,1900-03-14 15:17:11,0,1,0,0,0,0,0,0
Null,0,,,,,,,,,,,169,1900-03-14 15:17:53,0,1,0,0,0,0,0,0
Null,0,,,,,,,,,,,170,1900-03-14 15:18:17,1,0,0,0,0,0,0,0
Null,0,,,,,,,,,,,171,1900-03-14 15:18:22,0,1,0,0,1,0,0,0
CONFIRMED,1,0.0,32,112,1900-03-14 15:18:53,73,Valid,5,1,3,1,172,1900-03-14 15:18:53,0,1,0,0,0,0,0,0
Null,0,,,,,,,,,,,173,1900-03-14 15:19:08,0,1,0,0,0,0,0,0
Null,0,,,,,,,,,,,174,1900-03-14 15:19:31,0,0,0,0,0,1,0,0
Null,0,,,,,,,,,,,175,1900-03-14 15:20:24,1,0,0,0,0,0,0,0
Null,0,,,,,,,,,,,176,1900-03-14 15:20:25,1,0,0,0,0,0,0,0
CONFIRMED,1,0.0,33,116,1900-03-14 15:21:58,74,Valid,5,3,1,1,177,1900-03-14 15:21:58,1,0,0,0,0,0,0,0
Null,0,,,,,,,,,,,178,1900-03-14 15:23:21,1,0,0,0,0,0,0,0
Null,0,,,,,,,,,,,179,1900-03-14 15:25:28,1,0,0,0,0,0,0,0
Null,0,,,,,,,,,,,180,1900-03-14 15:25:33,0,0,0,0,1,0,0,0
Null,0,,,,,,,,,,,181,1900-03-14 15:29:41,1,0,0,0,0,0,0,0
Null,0,,,,,,,,,,,182,1900-03-14 15:38:09,0,1,0,0,0,0,0,0
Null,0,,,,,,,,,,,183,1900-03-14 15:56:26,1,0,0,0,0,0,0,0
Null,0,,,,,,,,,,,184,1900-03-14 15:58:44,1,0,0,0,0,0,0,0
Null,0,,,,,,,,,,,185,1900-03-14 16:01:31,0,1,0,0,0,0,0,0
Null,0,,,,,,,,,,,186,1900-03-14 16:02:09,1,0,0,0,0,0,0,0
CONFIRMED,3,0.0,36,124,1900-03-14 16:03:48,77,Valid,5,2,3,0,187,1900-03-14 16:03:48,1,0,0,0,0,0,0,0
Null,0,,,,,,,,,,,188,1900-03-14 16:04:03,0,1,0,0,0,0,0,0
Null,0,,,,,,,,,,,189,1900-03-14 16:04:19,1,1,0,0,0,0,0,0
Null,0,,,,,,,,,,,190,1900-03-14 16:04:24,1,0,0,0,0,0,0,0
Null,0,,,,,,,,,,,191,1900-03-14 16:04:31,0,1,0,0,0,0,0,0
CONFIRMED,1,0.0,37,126,1900-03-14 16:04:48,78,Valid,5,3,2,0,192,1900-03-14 16:04:48,1,0,0,0,0,0,0,0
Null,0,,,,,,,,,,,193,1900-03-14 16:08:02,0,1,0,0,0,0,0,0
Null,0,,,,,,,,,,,194,1900-03-14 16:11:41,0,1,0,0,0,0,0,0
Null,0,,,,,,,,,,,195,1900-03-14 16:13:36,0,1,0,0,0,0,0,0
Null,0,,,,,,,,,,,196,1900-03-14 16:15:50,1,0,0,0,0,0,0,0
Null,0,,,,,,,,,,,197,1900-03-14 16:16:48,0,1,0,0,0,0,0,0
Null,0,,,,,,,,,,,198,1900-03-14 16:16:53,0,1,0,0,0,0,0,0
Null,0,,,,,,,,,,,199,1900-03-14 16:17:19,1,0,0,0,0,0,0,0
Null,0,,,,,,,,,,,200,1900-03-14 16:17:33,1,0,0,0,0,0,0,0
Null,0,,,,,,,,,,,201,1900-03-14 16:17:46,0,1,0,0,0,0,0,0
Null,0,,,,,,,,,,,202,1900-03-14 16:18:11,0,1,0,0,0,0,0,0
CONFIRMED,2,0.0,39,128,1900-03-14 16:18:27,80,Valid,5,3,2,0,203,1900-03-14 16:18:27,1,0,0,0,0,0,0,0
Null,0,,,,,,,,,,,204,1900-03-14 16:18:39,0,1,0,0,0,0,0,0
Null,0,,,,,,,,,,,205,1900-03-14 16:18:55,1,0,0,0,0,0,0,0
Null,0,,,,,,,,,,,206,1900-03-14 16:19:08,0,1,0,0,0,0,0,0
Null,0,,,,,,,,,,,207,1900-03-14 16:19:13,1,0,0,0,0,0,0,0
CONFIRMED,1,1.0,40,129,1900-03-14 16:19:24,81,Valid,5,3,2,0,208,1900-03-14 16:19:23,1,0,0,0,0,0,0,0
Null,0,,,,,,,,,,,209,1900-03-14 16:19:36,0,1,0,0,0,0,0,0
Null,0,,,,,,,,,,,210,1900-03-14 16:19:50,1,0,0,0,0,0,0,0
Null,0,,,,,,,,,,,211,1900-03-14 16:20:03,0,1,0,0,0,0,0,0
Null,0,,,,,,,,,,,212,1900-03-14 16:20:20,1,0,0,0,0,0,0,0
CONFIRMED,1,0.0,41,131,1900-03-14 16:20:32,82,Valid,5,2,3,0,213,1900-03-14 16:20:32,0,1,0,0,0,0,0,0
Null,0,,,,,,,,,,,214,1900-03-14 16:20:43,0,1,0,0,0,0,0,0
Null,0,,,,,,,,,,,215,1900-03-14 16:20:54,1,0,0,0,0,0,0,0
Null,0,,,,,,,,,,,216,1900-03-14 16:21:13,0,1,0,0,0,0,0,0
Null,0,,,,,,,,,,,217,1900-03-14 16:21:28,1,0,0,0,0,0,0,0
Null,0,,,,,,,,,,,218,1900-03-14 16:39:49,0,1,0,0,0,0,0,0
Null,0,,,,,,,,,,,219,1900-03-14 16:40:02,1,0,0,0,0,0,0,0
Null,0,,,,,,,,,,,220,1900-03-14 16:40:28,0,1,0,0,0,0,0,0
Null,0,,,,,,,,,,,221,1900-03-14 16:40:46,1,0,0,0,0,0,0,0
Null,0,,,,,,,,,,,222,1900-03-14 16:41:19,0,1,0,0,0,0,0,0
CONFIRMED,2,0.0,43,144,1900-03-14 16:41:36,84,Valid,5,3,2,0,223,1900-03-14 16:41:36,1,0,0,0,0,0,0,0
Null,0,,,,,,,,,,,224,1900-03-14 16:42:06,0,1,0,0,0,0,0,0
Null,0,,,,,,,,,,,225,1900-03-14 16:42:21,1,0,0,0,0,0,0,0
Null,0,,,,,,,,,,,226,1900-03-14 16:43:09,0,1,0,0,0,0,0,0
Null,0,,,,,,,,,,,227,1900-03-14 16:43:22,1,0,0,0,0,0,0,0
CONFIRMED,1,0.0,44,151,1900-03-14 16:43:48,85,Valid,5,3,2,0,228,1900-03-14 16:43:48,0,1,0,0,0,0,0,0
Null,0,,,,,,,,,,,229,1900-03-14 16:44:03,1,0,0,0,0,0,0,0
Null,0,,,,,,,,,,,230,1900-03-14 16:53:30,0,1,0,0,0,0,0,0
Null,0,,,,,,,,,,,231,1900-03-14 16:54:12,1,0,0,0,0,0,0,0
Null,0,,,,,,,,,,,232,1900-03-14 17:02:06,0,1,0,0,0,0,0,0
Null,0,,,,,,,,,,,233,1900-03-14 17:05:32,0,1,0,0,0,0,0,0
CONFIRMED,2,1.0,46,156,1900-03-14 17:05:59,87,Valid,5,2,3,0,234,1900-03-14 17:05:58,1,0,0,0,0,0,0,0
Null,0,,,,,,,,,,,235,1900-03-24 14:06:24,0,1,0,0,0,0,0,0
Null,0,,,,,,,,,,,236,1900-03-24 14:06:42,1,0,0,0,0,0,0,0
CONFIRMED,1,6.0,47,711,1900-03-24 14:07:27,0,Valid,5,1,2,2,237,1900-03-24 14:07:21,0,1,0,0,0,0,0,0
Null,0,,,,,,,,,,,238,1900-03-24 14:07:38,1,0,0,0,0,0,0,0
FPpkt,1,,48,714,1900-03-24 14:09:59,1,Valid,5,3,2,0,,,,,,,,,,
Null,0,,,,,,,,,,,239,1900-03-24 14:17:44,0,1,0,0,0,0,0,0
Null,0,,,,,,,,,,,240,1900-03-24 14:24:39,1,0,0,0,0,0,0,0
Null,0,,,,,,,,,,,241,1900-03-24 14:29:10,0,1,0,0,0,0,0,0
Null,0,,,,,,,,,,,242,1900-03-24 14:49:27,0,1,0,0,0,0,0,0
Null,0,,,,,,,,,,,243,1900-03-24 14:51:30,1,0,0,0,0,0,0,0
Null,0,,,,,,,,,,,244,1900-03-24 15:57:36,0,1,0,0,0,0,0,0
Null,0,,,,,,,,,,,245,1900-03-24 16:42:53,0,1,0,0,1,0,0,0
Null,0,,,,,,,,,,,246,1900-03-24 17:25:06,1,0,0,0,0,0,0,0
Null,0,,,,,,,,,,,247,1900-03-24 17:41:19,0,1,0,0,0,0,0,0
Null,0,,,,,,,,,,,248,1900-03-24 17:42:48,1,0,0,0,0,0,0,0
Null,0,,,,,,,,,,,249,1900-03-24 17:51:27,0,1,0,0,0,0,0,0
Null,0,,,,,,,,,,,250,1900-03-24 18:00:47,0,0,0,0,0,1,0,0
Null,0,,,,,,,,,,,251,1900-03-24 18:12:07,0,0,0,0,0,1,0,0
Null,0,,,,,,,,,,,252,1900-03-24 18:15:34,1,0,0,0,0,0,0,0
Null,0,,,,,,,,,,,253,1900-03-24 18:16:16,1,0,0,0,0,0,0,0
Null,0,,,,,,,,,,,254,1900-03-24 18:21:42,0,0,0,0,0,1,0,0
Null,0,,,,,,,,,,,255,1900-03-24 18:29:55,1,0,0,0,0,0,0,0
Null,0,,,,,,,,,,,256,1900-03-24 18:50:25,0,1,0,0,0,0,0,0
Null,0,,,,,,,,,,,257,1900-03-24 18:50:36,1,0,0,0,0,0,0,0
Null,0,,,,,,,,,,,258,1900-03-24 18:55:20,0,1,0,0,0,0,0,0
Null,0,,,,,,,,,,,259,1900-03-24 18:56:36,0,1,0,0,0,1,0,0
Null,0,,,,,,,,,,,260,1900-03-24 18:56:48,0,0,0,0,0,1,0,0
Null,0,,,,,,,,,,,261,1900-03-24 18:56:51,1,0,0,0,0,0,0,0
Null,0,,,,,,,,,,,262,1900-03-24 18:56:54,0,0,0,0,0,1,0,0
Null,0,,,,,,,,,,,263,1900-03-24 18:56:58,0,0,0,0,0,1,0,0
Null,0,,,,,,,,,,,264,1900-03-24 18:57:24,1,0,0,0,0,0,0,0
CONFIRMED,2,6.0,50,810,1900-03-24 18:57:45,7,Valid,5,4,0,1,265,1900-03-24 18:57:39,1,0,0,0,0,0,0,0
Null,0,,,,,,,,,,,266,1900-03-24 18:58:34,0,0,0,0,0,1,0,0
Null,0,,,,,,,,,,,267,1900-03-24 19:02:30,1,0,0,0,0,0,0,0
Null,0,,,,,,,,,,,268,1900-03-24 19:07:49,1,0,0,0,0,0,0,0
Null,0,,,,,,,,,,,269,1900-03-24 19:08:34,0,1,0,0,0,0,0,0
Null,0,,,,,,,,,,,270,1900-03-24 19:13:33,1,0,0,0,0,0,0,0
Null,0,,,,,,,,,,,271,1900-03-24 19:57:05,0,1,0,0,0,0,0,0
Null,0,,,,,,,,,,,272,1900-03-24 19:57:15,0,1,0,0,0,0,0,0
Null,0,,,,,,,,,,,273,1900-03-24 19:57:20,0,0,0,0,0,0,0,0
Null,0,,,,,,,,,,,274,1900-03-24 19:57:25,0,0,0,0,0,1,0,0
Null,0,,,,,,,,,,,275,1900-03-24 19:57:36,0,0,0,1,0,0,0,0
Null,0,,,,,,,,,,,276,1900-03-24 19:57:44,0,1,0,0,0,0,0,0
Null,0,,,,,,,,,,,277,1900-03-24 19:57:56,0,0,0,0,0,0,1,0
CONFIRMED,3,9.0,53,816,1900-03-24 19:58:58,10,Valid,5,0,3,2,278,1900-03-24 19:58:49,0,1,0,0,0,0,0,0
Null,0,,,,,,,,,,,279,1900-03-24 20:00:33,0,1,0,0,0,0,0,0
Null,0,,,,,,,,,,,280,1900-03-24 20:00:38,1,0,0,0,1,0,0,0
Null,0,,,,,,,,,,,281,1900-03-24 20:03:13,0,0,0,0,0,1,0,0
Null,0,,,,,,,,,,,282,1900-03-24 21:53:40,0,1,0,0,0,0,0,0
Null,0,,,,,,,,,,,283,1900-03-24 21:54:34,1,0,0,0,0,0,0,0
Null,0,,,,,,,,,,,284,1900-03-25 07:02:13,0,1,0,0,0,0,0,0
Null,0,,,,,,,,,,,285,1900-03-25 07:04:05,1,0,0,0,0,0,0,0
Null,0,,,,,,,,,,,286,1900-03-25 07:27:34,1,0,0,0,0,0,0,0
Null,0,,,,,,,,,,,287,1900-03-25 07:29:07,0,1,0,0,0,0,0,0
Null,0,,,,,,,,,,,288,1900-03-25 07:49:52,0,1,0,0,0,0,0,0
Null,0,,,,,,,,,,,289,1900-03-25 07:49:55,0,1,0,0,0,0,0,0
Null,0,,,,,,,,,,,290,1900-03-25 07:50:54,1,0,0,0,0,0,0,0
Null,0,,,,,,,,,,,291,1900-03-25 07:53:30,1,0,0,0,0,0,0,0
Null,0,,,,,,,,,,,292,1900-03-25 08:41:59,0,1,0,0,0,0,0,0
Null,0,,,,,,,,,,,293,1900-03-25 08:43:44,0,1,0,0,0,0,0,0
Null,0,,,,,,,,,,,294,1900-03-25 08:44:14,1,0,0,0,0,0,0,0
Null,0,,,,,,,,,,,295,1900-03-25 08:45:08,1,1,0,0,0,0,0,0
Null,0,,,,,,,,,,,296,1900-03-25 08:47:03,0,1,0,0,0,0,0,0
CONFIRMED,3,0.0,56,821,1900-03-25 08:48:13,14,Valid,5,2,3,0,297,1900-03-25 08:48:13,1,0,0,0,0,0,0,0
Null,0,,,,,,,,,,,298,1900-03-25 08:53:16,1,0,0,0,0,0,0,0
Null,0,,,,,,,,,,,299,1900-03-25 09:08:38,1,0,0,0,0,0,0,0
Null,0,,,,,,,,,,,300,1900-03-25 09:11:59,0,1,0,0,0,0,0,0
Null,0,,,,,,,,,,,301,1900-03-25 09:14:58,1,1,0,0,0,0,0,0
Null,0,,,,,,,,,,,302,1900-03-25 09:16:15,1,0,0,0,0,0,0,0
Null,0,,,,,,,,,,,303,1900-03-25 09:42:42,0,1,0,0,0,0,0,0
Null,0,,,,,,,,,,,304,1900-03-25 09:44:43,1,0,0,0,0,0,0,0
Null,0,,,,,,,,,,,305,1900-03-25 09:45:41,0,0,0,1,0,0,0,0
Null,0,,,,,,,,,,,306,1900-03-25 09:50:29,1,0,0,0,0,0,0,0
Null,0,,,,,,,,,,,307,1900-03-25 09:50:31,0,0,0,0,0,1,0,0
Null,0,,,,,,,,,,,308,1900-03-25 09:50:53,1,0,0,0,0,0,0,0
Null,0,,,,,,,,,,,309,1900-03-25 09:50:57,0,0,0,0,0,1,0,0
Null,0,,,,,,,,,,,310,1900-03-25 09:50:58,1,0,0,0,0,0,0,0
Null,0,,,,,,,,,,,311,1900-03-25 09:50:59,1,0,0,0,0,0,0,0
Null,0,,,,,,,,,,,312,1900-03-25 09:51:01,1,0,0,0,0,0,0,0
Null,0,,,,,,,,,,,313,1900-03-25 09:51:03,1,0,0,0,0,0,0,0
Null,0,,,,,,,,,,,314,1900-03-25 09:51:07,1,0,0,0,0,0,0,0
CONFIRMED,3,2.0,59,823,1900-03-25 09:51:22,17,Valid,5,2,2,1,315,1900-03-25 09:51:20,1,0,0,0,0,0,0,0
Null,0,,,,,,,,,,,316,1900-03-25 09:52:05,0,0,0,0,0,1,0,0
Null,0,,,,,,,,,,,317,1900-03-25 09:52:08,1,0,0,0,0,0,0,0
Null,0,,,,,,,,,,,318,1900-03-25 09:52:47,1,0,0,0,0,0,0,0
Null,0,,,,,,,,,,,319,1900-03-25 00:53:16,1,0,0,0,0,0,0,0
CONFIRMED,1,-10.0,60,827,1900-03-25 09:53:18,18,Valid,5,4,0,1,320,1900-03-25 09:53:28,0,0,0,0,0,1,0,0
Null,0,,,,,,,,,,,321,1900-03-25 09:53:36,0,1,0,0,0,0,0,0
Null,0,,,,,,,,,,,322,1900-03-25 09:53:51,1,0,0,0,0,0,0,0
Null,0,,,,,,,,,,,323,1900-03-25 09:53:56,1,0,0,0,0,0,0,0
CONFIRMED,1,2.0,61,831,1900-03-25 09:54:06,19,Valid,5,2,1,2,324,1900-03-25 09:54:04,0,0,0,0,0,0,0,0
Null,0,,,,,,,,,,,325,1900-03-25 09:55:08,0,1,0,0,0,0,0,0
Null,0,,,,,,,,,,,326,1900-03-25 09:56:21,1,0,0,0,0,0,0,0
Null,0,,,,,,,,,,,327,1900-03-25 09:56:41,0,1,0,0,0,0,0,0
Null,0,,,,,,,,,,,328,1900-03-25 09:56:46,0,0,0,0,0,1,0,0
CONFIRMED,1,2.0,62,833,1900-03-25 09:56:57,20,Valid,5,3,2,0,329,1900-03-25 09:56:55,1,0,0,0,0,0,0,0
Null,0,,,,,,,,,,,330,1900-03-25 09:57:32,1,0,0,0,0,0,0,0
Null,0,,,,,,,,,,,331,1900-03-25 09:57:49,1,0,0,0,0,0,0,0
Null,0,,,,,,,,,,,332,1900-03-25 09:58:46,1,0,0,0,0,0,0,0
Null,0,,,,,,,,,,,333,1900-03-25 09:58:59,0,1,0,0,0,0,0,0
CONFIRMED,1,1.0,63,837,1900-03-25 09:59:18,21,Valid,5,3,2,0,334,1900-03-25 09:59:17,0,1,0,0,0,0,0,0
Null,0,,,,,,,,,,,335,1900-03-25 10:01:30,1,0,0,0,0,0,0,0
Null,0,,,,,,,,,,,336,1900-03-25 10:02:04,0,1,0,0,0,0,0,0
Null,0,,,,,,,,,,,337,1900-03-25 10:02:20,1,0,0,0,0,0,0,0
Null,0,,,,,,,,,,,338,1900-03-25 10:03:16,1,0,0,0,0,0,0,0
CONFIRMED,1,3.0,64,844,1900-03-25 10:03:29,22,Valid,5,4,1,0,339,1900-03-25 10:03:26,1,0,0,0,0,0,0,0
Null,0,,,,,,,,,,,340,1900-03-25 10:04:40,0,0,0,0,0,1,0,0
Null,0,,,,,,,,,,,341,1900-03-25 10:05:20,1,0,0,0,0,0,0,0
Null,0,,,,,,,,,,,342,1900-03-25 10:05:26,1,0,0,0,0,0,0,0
CONFIRMED,1,1.0,65,847,1900-03-25 10:09:36,23,Valid,5,4,1,0,343,1900-03-25 10:09:35,1,0,0,0,0,0,0,0
Null,0,,,,,,,,,,,344,1900-03-25 10:09:51,0,0,0,0,0,1,0,0
Null,0,,,,,,,,,,,345,1900-03-25 10:17:20,0,1,0,0,0,0,0,0
Null,0,,,,,,,,,,,346,1900-03-25 10:17:30,1,0,0,0,0,0,0,0
Null,0,,,,,,,,,,,347,1900-03-25 10:17:51,0,0,0,1,0,0,0,0
Null,0,,,,,,,,,,,348,1900-03-25 10:18:06,0,0,0,0,1,0,0,0
Null,0,,,,,,,,,,,349,1900-03-25 10:24:26,0,1,0,0,0,0,0,0
Null,0,,,,,,,,,,,350,1900-03-25 10:25:24,0,1,0,0,0,0,0,0
Null,0,,,,,,,,,,,351,1900-03-25 10:27:55,0,1,0,0,0,0,0,0
Null,0,,,,,,,,,,,352,1900-03-25 10:38:15,1,0,0,0,0,0,0,0
Null,0,,,,,,,,,,,353,1900-03-25 10:30:30,1,0,0,0,0,0,0,0
Null,0,,,,,,,,,,,354,1900-03-25 10:35:30,1,0,0,0,0,0,0,0
Null,0,,,,,,,,,,,355,1900-03-25 10:39:01,0,1,0,0,0,0,0,0
Null,0,,,,,,,,,,,356,1900-03-25 10:40:55,1,0,0,0,0,0,0,0
Null,0,,,,,,,,,,,357,1900-03-25 10:52:37,1,0,0,0,0,0,0,0
Null,0,,,,,,,,,,,358,1900-03-25 10:55:06,1,0,0,0,0,0,0,0
Null,0,,,,,,,,,,,359,1900-03-25 10:55:48,0,0,0,0,0,1,0,0
Null,0,,,,,,,,,,,360,1900-03-25 10:55:57,0,0,0,0,0,1,0,0
Null,0,,,,,,,,,,,361,1900-03-25 10:56:10,0,0,0,0,0,1,0,0
Null,0,,,,,,,,,,,362,1900-03-25 10:56:13,0,0,0,0,0,1,0,0
Null,0,,,,,,,,,,,363,1900-03-25 10:56:46,0,1,0,0,0,0,0,0
Null,0,,,,,,,,,,,364,1900-03-25 10:56:49,0,1,0,0,0,0,0,0
CONFIRMED,3,-1.0,68,862,1900-03-25 10:56:55,28,Valid,5,0,4,1,365,1900-03-25 10:56:56,1,0,0,0,0,0,0,0
Null,0,,,,,,,,,,,366,1900-03-25 10:57:09,0,1,0,0,0,0,0,0
Null,0,,,,,,,,,,,367,1900-03-25 11:01:15,0,1,0,0,0,0,0,0
Null,0,,,,,,,,,,,368,1900-03-25 11:02:08,0,1,0,0,0,0,0,0
Null,0,,,,,,,,,,,369,1900-03-25 11:02:13,1,0,0,0,0,0,0,0
CONFIRMED,1,0.0,69,866,1900-03-25 11:02:14,29,Valid,5,0,5,0,370,1900-03-25 11:02:14,1,0,0,0,0,0,0,0
Null,0,,,,,,,,,,,371,1900-03-25 11:02:34,0,0,0,1,0,0,0,0
Null,0,,,,,,,,,,,372,1900-03-25 11:02:55,0,0,0,1,0,0,0,0
Null,0,,,,,,,,,,,373,1900-03-25 11:03:22,0,1,0,0,0,0,0,0
Null,0,,,,,,,,,,,374,1900-03-25 11:04:20,0,1,0,0,0,0,0,0
CONFIRMED,1,2.0,70,868,1900-03-25 11:04:57,30,Valid,5,1,4,0,375,1900-03-25 11:04:55,1,0,0,0,0,0,0,0
Null,0,,,,,,,,,,,376,1900-03-25 11:05:11,0,1,0,0,0,0,0,0
Null,0,,,,,,,,,,,377,1900-03-25 11:05:21,1,0,0,0,0,0,0,0
Null,0,,,,,,,,,,,378,1900-03-25 11:05:22,1,0,0,0,0,0,0,0
Null,0,,,,,,,,,,,379,1900-03-25 11:05:50,1,0,0,0,0,0,0,0
Null,0,,,,,,,,,,,380,1900-03-25 11:05:53,0,1,0,0,0,0,0,0
Null,0,,,,,,,,,,,381,1900-03-25 11:05:59,0,0,0,0,1,0,0,0
CONFIRMED,1,2.0,71,873,1900-03-25 11:06:48,31,Valid,5,3,2,0,382,1900-03-25 11:06:46,1,0,0,0,0,0,0,0
Null,0,,,,,,,,,,,383,1900-03-25 11:10:57,0,0,0,0,1,0,0,0
Null,0,,,,,,,,,,,384,1900-03-25 11:11:23,1,0,0,0,0,0,0,0
Null,0,,,,,,,,,,,385,1900-03-25 11:13:58,0,0,0,1,0,0,0,0
Null,0,,,,,,,,,,,386,1900-03-25 11:14:04,0,1,0,0,0,0,0,0
Null,0,,,,,,,,,,,387,1900-03-25 11:14:39,0,1,0,0,0,0,0,0
Null,0,,,,,,,,,,,388,1900-03-25 11:16:30,1,0,0,0,0,0,0,0
Null,0,,,,,,,,,,,389,1900-03-25 11:18:09,0,1,0,0,0,0,0,0
CONFIRMED,2,2.0,73,878,1900-03-25 11:18:16,33,Valid,5,2,3,0,390,1900-03-25 11:18:14,1,0,0,0,0,0,0,0
Null,0,,,,,,,,,,,391,1900-03-25 11:19:23,1,0,0,0,0,0,0,0
Null,0,,,,,,,,,,,392,1900-03-25 11:20:35,0,1,0,0,0,0,0,0
Null,0,,,,,,,,,,,393,1900-03-25 11:39:54,0,1,0,0,0,0,0,0
Null,0,,,,,,,,,,,394,1900-03-25 11:48:25,1,0,0,0,0,0,0,0
Null,0,,,,,,,,,,,395,1900-03-25 11:51:27,0,1,0,0,0,0,0,0
Null,0,,,,,,,,,,,396,1900-03-25 11:51:53,0,1,0,0,0,0,0,0
Null,0,,,,,,,,,,,397,1900-03-25 11:53:42,1,0,0,0,0,0,0,0
Null,0,,,,,,,,,,,398,1900-03-25 11:53:44,1,0,0,0,0,0,0,0
Null,0,,,,,,,,,,,399,1900-03-25 11:53:57,1,0,0,0,0,0,0,0
Null,0,,,,,,,,,,,400,1900-03-25 11:54:41,0,1,0,0,0,0,0,0
Null,0,,,,,,,,,,,401,1900-03-25 11:56:18,1,0,0,0,0,0,0,0
Null,0,,,,,,,,,,,402,1900-03-25 11:56:43,1,0,0,0,0,0,0,0
CONFIRMED,3,2.0,76,897,1900-03-25 11:59:48,36,Valid,5,3,2,0,403,1900-03-25 11:59:46,0,1,0,0,0,0,0,0
Null,0,,,,,,,,,,,404,1900-03-25 12:00:40,0,0,0,0,1,0,0,0
Null,0,,,,,,,,,,,405,1900-03-25 12:04:13,0,1,0,0,0,0,0,0
Null,0,,,,,,,,,,,406,1900-03-25 12:04:17,0,1,0,0,0,0,0,0
CONFIRMED,1,16.0,77,901,1900-03-25 12:05:36,37,Valid,5,1,3,1,407,1900-03-25 12:05:20,1,0,0,0,1,0,0,0
Null,0,,,,,,,,,,,408,1900-03-25 12:11:26,0,1,0,0,0,0,0,0
Null,0,,,,,,,,,,,409,1900-03-25 12:12:07,1,0,0,0,0,0,0,0
Null,0,,,,,,,,,,,410,1900-03-25 12:14:07,0,1,0,0,0,0,0,0
Null,0,,,,,,,,,,,411,1900-03-25 12:15:13,0,1,0,0,0,0,0,0
Null,0,,,,,,,,,,,412,1900-03-25 12:15:48,1,0,0,0,0,0,0,0
Null,0,,,,,,,,,,,413,1900-03-25 12:42:12,1,0,0,0,0,0,0,0
Null,0,,,,,,,,,,,414,1900-03-25 12:28:12,0,1,0,0,0,0,0,0
Null,0,,,,,,,,,,,415,1900-03-25 12:28:50,1,0,0,0,0,0,0,0
Null,0,,,,,,,,,,,416,1900-03-25 12:35:22,0,1,0,0,0,0,0,0
Null,0,,,,,,,,,,,417,1900-03-25 12:39:50,0,1,0,0,0,0,0,0
Null,0,,,,,,,,,,,418,1900-03-25 12:42:57,1,0,0,0,0,0,0,0
Null,0,,,,,,,,,,,419,1900-03-25 12:58:22,0,1,0,0,0,0,0,0
Null,0,,,,,,,,,,,420,1900-03-25 12:58:55,0,1,0,0,0,0,0,0
Null,0,,,,,,,,,,,421,1900-03-25 12:59:12,0,1,0,0,0,0,0,0
Null,0,,,,,,,,,,,422,1900-03-25 12:59:57,1,0,0,0,0,0,0,0
Null,0,,,,,,,,,,,423,1900-03-25 13:00:12,1,0,0,0,0,0,0,0
Null,0,,,,,,,,,,,424,1900-03-25 13:01:16,0,1,0,0,0,0,0,0
Null,0,,,,,,,,,,,425,1900-03-25 13:01:21,1,0,0,0,0,0,0,0
Null,0,,,,,,,,,,,426,1900-03-25 13:03:01,0,1,0,0,0,0,0,0
CONFIRMED,3,2.0,80,911,1900-03-25 13:03:09,41,Valid,5,3,2,0,427,1900-03-25 13:03:07,1,0,0,0,0,0,0,0
Null,0,,,,,,,,,,,428,1900-03-25 13:05:56,1,0,0,0,0,0,0,0
Null,0,,,,,,,,,,,429,1900-03-25 13:08:04,0,1,0,0,0,0,0,0
CONFIRMED,1,6.0,81,915,1900-03-25 13:09:41,42,Valid,5,2,2,1,430,1900-03-25 13:09:35,1,0,0,0,0,0,0,0
Null,0,,,,,,,,,,,431,1900-03-25 13:10:12,1,0,0,0,0,0,0,0
Null,0,,,,,,,,,,,432,1900-03-25 13:23:38,0,1,0,0,0,0,0,0
Null,0,,,,,,,,,,,433,1900-03-25 13:24:45,0,1,0,0,0,0,0,0
Null,0,,,,,,,,,,,434,1900-03-25 13:34:04,0,1,0,0,0,0,0,0
Null,0,,,,,,,,,,,435,1900-03-25 13:41:53,1,0,0,0,0,0,0,0
Null,0,,,,,,,,,,,436,1900-03-25 13:44:36,0,1,0,0,0,0,0,0
Null,0,,,,,,,,,,,437,1900-03-25 13:50:28,0,1,0,0,0,0,0,0
Null,0,,,,,,,,,,,438,1900-03-25 13:52:26,1,0,0,0,0,0,0,0
Null,0,,,,,,,,,,,439,1900-03-25 13:56:30,0,1,0,0,0,0,0,0
Null,0,,,,,,,,,,,440,1900-03-25 13:58:11,1,0,0,0,0,0,0,0
Null,0,,,,,,,,,,,441,1900-03-25 13:58:34,1,0,0,0,0,0,0,0
Null,0,,,,,,,,,,,442,1900-03-25 14:00:00,1,0,0,0,0,0,0,0
Null,0,,,,,,,,,,,443,1900-03-25 14:01:20,0,1,0,0,0,0,0,0
Null,0,,,,,,,,,,,444,1900-03-25 14:04:05,1,0,0,0,0,0,0,0
Null,0,,,,,,,,,,,445,1900-03-25 14:11:46,1,0,0,0,0,0,0,0
Null,0,,,,,,,,,,,446,1900-03-25 14:12:29,0,1,0,0,0,0,0,0
Null,0,,,,,,,,,,,447,1900-03-25 14:14:53,1,0,0,0,0,0,0,0
Null,0,,,,,,,,,,,448,1900-03-25 14:17:43,0,1,0,0,0,0,0,0
Null,0,,,,,,,,,,,449,1900-03-25 14:20:26,1,0,0,0,0,0,0,0
Null,0,,,,,,,,,,,450,1900-03-25 14:21:03,0,1,0,0,0,0,0,0
Null,0,,,,,,,,,,,451,1900-03-25 14:23:35,1,0,0,0,0,0,0,0
Null,0,,,,,,,,,,,452,1900-03-25 14:23:47,0,1,0,0,0,0,0,0
Null,0,,,,,,,,,,,453,1900-03-25 14:25:18,1,0,0,0,0,0,0,0
Null,0,,,,,,,,,,,454,1900-03-25 14:27:04,1,0,0,0,0,0,0,0
Null,0,,,,,,,,,,,455,1900-03-25 14:32:47,1,0,0,0,0,0,0,0
Null,0,,,,,,,,,,,456,1900-03-25 14:39:51,0,1,0,0,0,0,0,0
Null,0,,,,,,,,,,,457,1900-03-25 14:56:56,0,1,0,0,0,0,0,0
Null,0,,,,,,,,,,,458,1900-03-25 14:58:59,0,1,0,0,0,0,0,0
Null,0,,,,,,,,,,,459,1900-03-25 14:59:05,1,0,0,0,0,0,0,0
Null,0,,,,,,,,,,,460,1900-03-25 14:59:14,0,1,0,0,0,0,0,0
Null,0,,,,,,,,,,,461,1900-03-25 15:00:11,1,0,0,0,0,0,0,0
Null,0,,,,,,,,,,,462,1900-03-25 15:01:04,1,0,0,0,0,0,0,0
Null,0,,,,,,,,,,,463,1900-03-25 15:05:58,0,1,0,0,0,0,0,0
Null,0,,,,,,,,,,,464,1900-03-25 15:08:34,1,0,0,0,0,0,0,0
Null,0,,,,,,,,,,,465,1900-03-25 15:16:56,0,1,0,0,0,0,0,0
Null,0,,,,,,,,,,,466,1900-03-25 15:17:01,0,1,0,0,0,0,0,0
Null,0,,,,,,,,,,,467,1900-03-25 15:17:24,1,0,0,0,0,0,0,0
Null,0,,,,,,,,,,,468,1900-03-25 15:17:40,0,1,0,0,0,0,0,0
CONFIRMED,3,1.0,84,920,1900-03-25 15:18:27,51,Valid,5,1,3,1,469,1900-03-25 15:18:26,0,1,0,0,0,0,0,0
Null,0,,,,,,,,,,,470,1900-03-25 15:32:40,1,0,0,0,0,0,0,0
Null,0,,,,,,,,,,,471,1900-03-25 15:33:25,0,1,0,0,0,0,0,0
Null,0,,,,,,,,,,,472,1900-03-25 15:34:03,0,1,0,0,0,0,0,0
Null,0,,,,,,,,,,,473,1900-03-25 15:35:14,0,1,0,0,0,0,0,0
Null,0,,,,,,,,,,,474,1900-03-25 15:35:53,1,0,0,0,0,0,0,0
Null,0,,,,,,,,,,,475,1900-03-25 15:37:24,1,0,0,0,0,0,0,0
Null,0,,,,,,,,,,,476,1900-03-25 15:41:10,1,0,0,0,0,0,0,0
Null,0,,,,,,,,,,,477,1900-03-25 15:48:24,1,0,0,0,0,0,0,0
Null,0,,,,,,,,,,,478,1900-03-25 15:48:55,0,1,0,0,0,0,0,0
CONFIRMED,3,0.0,87,922,1900-03-25 15:54:16,54,Valid,5,2,3,0,479,1900-03-25 15:54:16,0,1,0,0,0,0,0,0
Null,0,,,,,,,,,,,480,1900-03-25 15:54:39,0,1,0,0,0,0,0,0
Null,0,,,,,,,,,,,481,1900-03-25 15:55:36,0,0,0,0,0,0,1,0
Null,0,,,,,,,,,,,482,1900-03-25 15:57:51,1,0,0,0,0,0,0,0
Null,0,,,,,,,,,,,483,1900-03-25 15:57:53,1,0,0,0,0,0,0,0
Null,0,,,,,,,,,,,484,1900-03-25 16:02:10,1,0,0,0,0,0,0,0
Null,0,,,,,,,,,,,485,1900-03-25 16:03:27,0,1,0,0,1,0,0,0
Null,0,,,,,,,,,,,486,1900-03-25 16:07:20,0,1,0,0,0,0,0,0
Null,0,,,,,,,,,,,487,1900-03-25 16:11:01,1,0,0,0,0,0,0,0
Null,0,,,,,,,,,,,488,1900-03-25 16:14:14,0,1,0,0,0,0,0,0
Null,0,,,,,,,,,,,489,1900-03-25 16:19:00,1,0,0,0,0,0,0,0
Null,0,,,,,,,,,,,490,1900-03-25 16:20:06,0,1,0,0,0,0,0,0
Null,0,,,,,,,,,,,491,1900-03-25 16:22:25,1,0,0,0,0,0,0,0
Null,0,,,,,,,,,,,492,1900-03-25 16:26:16,1,0,0,0,0,0,0,0
Null,0,,,,,,,,,,,493,1900-03-25 16:26:30,0,1,0,0,0,0,0,0
Null,0,,,,,,,,,,,494,1900-03-25 16:26:44,1,0,0,0,0,0,0,0
Null,0,,,,,,,,,,,495,1900-03-25 16:26:58,0,1,0,0,0,0,0,0
Null,0,,,,,,,,,,,496,1900-03-25 16:28:12,0,0,0,1,0,0,0,0
Null,0,,,,,,,,,,,497,1900-03-25 16:29:39,1,0,0,0,0,0,0,0
CONFIRMED,3,0.0,90,927,1900-03-25 16:29:51,58,Valid,5,4,1,0,498,1900-03-25 16:29:51,0,1,0,0,0,0,0,0
Null,0,,,,,,,,,,,499,1900-03-25 16:51:23,1,0,0,0,0,0,0,0
Null,0,,,,,,,,,,,500,1900-03-25 00:16:52,0,1,0,0,0,0,0,0
Null,0,,,,,,,,,,,501,1900-03-25 16:57:25,1,0,0,0,0,0,0,0
Null,0,,,,,,,,,,,502,1900-03-25 17:11:14,1,0,0,0,0,0,0,0
Null,0,,,,,,,,,,,503,1900-03-25 17:12:18,0,1,0,0,0,0,0,0
Null,0,,,,,,,,,,,504,1900-03-25 17:13:16,0,1,0,0,0,0,0,0
Null,0,,,,,,,,,,,505,1900-03-25 17:26:12,0,1,0,0,0,0,0,0
Null,0,,,,,,,,,,,506,1900-03-25 17:44:50,0,1,0,0,0,0,0,0
Null,0,,,,,,,,,,,507,1900-03-25 18:00:33,1,0,0,0,0,0,0,0
Null,0,,,,,,,,,,,508,1900-03-25 18:09:57,0,1,0,0,0,0,0,0
Null,0,,,,,,,,,,,509,1900-03-25 18:10:46,1,0,0,0,0,0,0,0
Null,0,,,,,,,,,,,510,1900-03-25 18:14:13,1,0,0,0,0,0,0,0
Null,0,,,,,,,,,,,511,1900-03-25 18:15:15,0,0,0,0,1,0,0,0
Null,0,,,,,,,,,,,512,1900-03-25 19:03:33,0,0,0,0,0,0,1,0
Null,0,,,,,,,,,,,513,1900-03-25 19:20:54,0,1,0,0,0,0,0,0
Null,0,,,,,,,,,,,514,1900-03-25 19:22:07,1,0,0,0,0,0,0,0
Null,0,,,,,,,,,,,515,1900-03-25 19:31:33,1,0,0,0,0,0,0,0
Null,0,,,,,,,,,,,516,1900-03-25 20:10:48,0,1,0,0,0,0,0,0
Null,0,,,,,,,,,,,517,1900-03-25 20:19:56,1,1,0,0,0,0,0,0
Null,0,,,,,,,,,,,518,1900-03-25 20:43:29,1,0,0,0,0,0,0,0
Null,0,,,,,,,,,,,519,1900-03-25 21:32:48,0,1,0,0,0,0,0,0
Null,0,,,,,,,,,,,520,1900-03-25 21:37:10,1,0,0,0,0,0,0,0
Null,0,,,,,,,,,,,521,1900-03-26 06:59:17,0,1,0,0,0,0,0,0
Null,0,,,,,,,,,,,522,1900-03-26 07:00:41,1,0,0,0,0,0,0,0
Null,0,,,,,,,,,,,523,1900-03-26 07:09:46,0,0,0,0,1,0,0,0
Null,0,,,,,,,,,,,524,1900-03-26 07:10:23,0,0,0,1,0,0,0,0
Null,0,,,,,,,,,,,525,1900-03-26 07:10:52,1,0,0,0,0,0,0,0
Null,0,,,,,,,,,,,526,1900-03-26 07:13:40,0,1,0,0,0,0,0,0
Null,0,,,,,,,,,,,527,1900-03-26 07:57:00,1,0,0,0,0,0,0,0
Null,0,,,,,,,,,,,528,1900-03-26 08:16:13,1,0,0,0,0,0,0,0
Null,0,,,,,,,,,,,529,1900-03-26 08:30:12,0,1,0,0,0,0,0,0
Null,0,,,,,,,,,,,530,1900-03-26 08:30:33,0,1,0,0,0,0,0,0
Null,0,,,,,,,,,,,531,1900-03-26 08:31:02,1,0,0,0,0,0,0,0
Null,0,,,,,,,,,,,532,1900-03-26 08:31:40,1,0,0,0,0,0,0,0
Null,0,,,,,,,,,,,533,1900-03-26 09:10:39,1,0,0,0,0,0,0,0
Null,0,,,,,,,,,,,534,1900-03-26 09:13:00,0,1,0,0,0,0,0,0
Null,0,,,,,,,,,,,535,1900-03-26 09:22:27,0,0,0,0,0,1,0,0
Null,0,,,,,,,,,,,536,1900-03-26 09:25:22,1,0,0,0,0,0,0,0
Null,0,,,,,,,,,,,537,1900-03-26 09:25:25,0,1,0,0,0,0,0,0
Null,0,,,,,,,,,,,538,1900-03-26 09:27:49,1,0,0,0,0,0,0,0
Null,0,,,,,,,,,,,539,1900-03-26 09:28:48,0,1,0,0,0,0,0,0
Null,0,,,,,,,,,,,540,1900-03-26 09:26:46,1,0,0,0,0,0,0,0
Null,0,,,,,,,,,,,541,1900-03-26 09:30:00,1,0,0,0,0,0,0,0
Null,0,,,,,,,,,,,542,1900-03-26 09:30:28,0,1,0,0,0,0,0,0
Null,0,,,,,,,,,,,543,1900-03-26 09:30:58,1,0,0,0,0,0,0,0
Null,0,,,,,,,,,,,544,1900-03-26 09:34:49,1,0,0,0,0,0,0,0
CONFIRMED,3,-3.0,93,983,1900-03-26 09:34:53,69,Valid,5,4,1,0,545,1900-03-26 09:34:56,1,0,0,0,0,0,0,0
Null,0,,,,,,,,,,,546,1900-03-26 09:42:59,0,1,0,0,0,0,0,0
Null,0,,,,,,,,,,,547,1900-03-26 10:09:18,0,1,0,0,0,0,0,0
Null,0,,,,,,,,,,,548,1900-03-26 10:09:58,1,0,0,0,0,0,0,0
Null,0,,,,,,,,,,,549,1900-03-26 10:16:12,0,0,0,1,0,0,0,0
Null,0,,,,,,,,,,,550,1900-03-26 10:19:21,1,0,0,0,0,0,0,0
Null,0,,,,,,,,,,,551,1900-03-26 10:19:26,0,0,0,0,1,0,0,0
CONFIRMED,2,-1.0,95,987,1900-03-26 10:20:02,71,Valid,5,3,1,1,552,1900-03-26 10:20:03,0,1,0,0,0,0,0,0
Null,0,,,,,,,,,,,553,1900-03-26 10:20:55,1,0,0,0,0,0,0,0
CONFIRMED,1,-1.0,96,989,1900-03-26 10:21:06,72,Valid,5,1,1,3,554,1900-03-26 10:21:07,0,1,0,0,0,0,0,0
Null,0,,,,,,,,,,,555,1900-03-26 10:22:11,0,1,0,0,0,0,0,0
Null,0,,,,,,,,,,,556,1900-03-26 10:23:05,0,1,0,0,0,0,0,0
CONFIRMED,1,-3.0,97,991,1900-03-26 10:24:03,73,Valid,5,1,1,3,557,1900-03-26 10:24:06,0,0,0,1,0,0,0,0
Null,0,,,,,,,,,,,558,1900-03-26 10:24:11,0,0,0,0,1,0,0,0
Null,0,,,,,,,,,,,559,1900-03-26 10:24:31,0,1,0,0,0,0,0,0
Null,0,,,,,,,,,,,560,1900-03-26 10:25:48,1,0,0,0,0,0,0,0
Null,0,,,,,,,,,,,561,1900-03-26 10:26:03,1,0,0,0,0,0,0,0
Null,0,,,,,,,,,,,562,1900-03-26 10:26:23,0,0,0,1,0,0,0,0
CONFIRMED,1,-2.0,98,995,1900-03-26 10:26:26,74,Valid,5,2,2,1,563,1900-03-26 10:26:28,0,1,0,0,0,0,0,0
Null,0,,,,,,,,,,,564,1900-03-26 10:27:29,0,1,0,0,0,0,0,0
Null,0,,,,,,,,,,,565,1900-03-26 10:27:31,0,1,0,0,0,0,0,0
Null,0,,,,,,,,,,,566,1900-03-26 10:28:21,0,0,0,0,0,0,1,0
Null,0,,,,,,,,,,,567,1900-03-26 10:29:13,1,0,0,0,0,0,0,0
CONFIRMED,1,-3.0,99,998,1900-03-26 10:29:28,75,Valid,5,2,2,1,568,1900-03-26 10:29:31,1,0,0,0,0,0,0,0
Null,0,,,,,,,,,,,569,1900-03-26 10:29:33,0,1,0,0,0,0,0,0
Null,0,,,,,,,,,,,570,1900-03-26 10:31:28,1,0,0,0,0,0,0,0
Null,0,,,,,,,,,,,571,1900-03-26 10:31:46,1,0,0,0,0,0,0,0
Null,0,,,,,,,,,,,572,1900-03-26 10:32:31,1,0,0,0,0,0,0,0
Null,0,,,,,,,,,,,573,1900-03-26 10:33:10,0,1,0,0,0,0,0,0
CONFIRMED,1,-4.0,100,1003,1900-03-26 10:36:28,76,Valid,5,4,1,0,574,1900-03-26 10:36:32,1,0,0,0,0,0,0,0
Null,0,,,,,,,,,,,575,1900-03-26 10:38:01,0,1,0,0,0,0,0,0
Null,0,,,,,,,,,,,576,1900-03-26 10:39:05,0,1,0,0,0,0,0,0
Null,0,,,,,,,,,,,577,1900-03-26 10:39:10,0,1,0,0,0,0,0,0
Null,0,,,,,,,,,,,578,1900-03-26 10:41:49,0,1,0,0,0,0,0,0
Null,0,,,,,,,,,,,579,1900-03-26 10:44:11,0,1,0,0,0,0,0,0
Null,0,,,,,,,,,,,580,1900-03-26 10:44:49,1,0,0,0,0,0,0,0
Null,0,,,,,,,,,,,581,1900-03-26 10:46:27,0,0,0,0,0,0,1,0
Null,0,,,,,,,,,,,582,1900-03-26 10:49:11,1,0,0,0,0,0,0,0
CONFIRMED,2,-3.0,102,1012,1900-03-26 10:50:19,78,Valid,5,3,2,0,583,1900-03-26 10:50:22,0,0,0,0,0,0,1,0
Null,0,,,,,,,,,,,584,1900-03-26 10:50:42,0,0,0,0,0,0,1,0
Null,0,,,,,,,,,,,585,1900-03-26 10:50:52,1,0,0,0,0,0,0,0
Null,0,,,,,,,,,,,586,1900-03-26 10:51:10,1,0,0,0,0,0,0,0
Null,0,,,,,,,,,,,587,1900-03-26 10:51:26,1,0,0,0,0,0,0,0
CONFIRMED,1,-3.0,103,1014,1900-03-26 10:52:10,79,Valid,5,5,0,0,588,1900-03-26 10:52:13,1,0,0,0,0,0,0,0
Null,0,,,,,,,,,,,589,1900-03-26 10:52:43,1,0,0,0,0,0,0,0
Null,0,,,,,,,,,,,590,1900-03-26 10:53:07,1,0,0,0,0,0,0,0
Null,0,,,,,,,,,,,591,1900-03-26 10:53:36,1,0,0,0,0,0,0,0
Null,0,,,,,,,,,,,592,1900-03-26 10:54:20,1,0,0,0,0,0,0,0
CONFIRMED,1,-1.0,104,1017,1900-03-26 10:54:22,80,Valid,5,4,0,1,593,1900-03-26 10:54:23,1,0,0,0,0,0,0,0
Null,0,,,,,,,,,,,594,1900-03-26 10:54:47,1,0,0,0,0,0,0,0
Null,0,,,,,,,,,,,595,1900-03-26 10:55:16,0,1,0,0,0,0,0,0
Null,0,,,,,,,,,,,596,1900-03-26 10:55:21,0,0,0,0,0,0,1,0
Null,0,,,,,,,,,,,597,1900-03-26 10:55:38,1,0,0,0,0,0,0,0
CONFIRMED,1,-2.0,105,1022,1900-03-26 10:55:44,81,Valid,5,3,1,1,598,1900-03-26 10:55:46,0,1,0,0,0,0,0,0
Null,0,,,,,,,,,,,599,1900-03-26 10:56:14,1,0,0,0,0,0,0,0
Null,0,,,,,,,,,,,600,1900-03-26 10:57:26,1,0,0,0,0,0,0,0
Null,0,,,,,,,,,,,601,1900-03-26 10:58:23,1,0,0,0,0,0,0,0
Null,0,,,,,,,,,,,602,1900-03-26 11:00:28,1,0,0,0,0,0,0,0
FPpkt,1,,106,1029,1900-03-26 11:01:30,82,Valid,5,5,0,0,,,,,,,,,,
Null,0,,,,,,,,,,,603,1900-03-26 11:03:00,0,1,0,0,0,0,0,0
Null,0,,,,,,,,,,,604,1900-03-26 11:04:49,0,1,0,0,0,0,0,0
Null,0,,,,,,,,,,,605,1900-03-26 11:05:30,1,0,0,0,0,0,0,0
Null,0,,,,,,,,,,,606,1900-03-26 11:06:54,0,0,0,0,0,0,1,0
Null,0,,,,,,,,,,,607,1900-03-26 11:11:02,0,1,0,0,0,0,0,0
Null,0,,,,,,,,,,,608,1900-03-26 11:13:23,1,0,0,0,0,0,0,0
Null,0,,,,,,,,,,,609,1900-03-26 11:14:03,1,0,0,0,0,0,0,0
Null,0,,,,,,,,,,,610,1900-03-26 11:18:54,1,0,0,0,0,0,0,0
Null,0,,,,,,,,,,,611,1900-03-26 11:23:40,0,1,0,0,0,0,0,0
Null,0,,,,,,,,,,,612,1900-03-26 11:24:12,1,0,0,0,0,0,0,0
Null,0,,,,,,,,,,,613,1900-03-26 11:24:15,0,0,0,0,1,0,0,0
Null,0,,,,,,,,,,,614,1900-03-26 11:26:46,0,1,0,0,0,0,0,0
Null,0,,,,,,,,,,,615,1900-03-26 11:28:06,1,0,0,0,0,0,0,0
Null,0,,,,,,,,,,,616,1900-03-26 11:41:11,0,1,0,0,0,0,0,0
Null,0,,,,,,,,,,,617,1900-03-26 11:42:55,1,0,0,0,0,0,0,0
Null,0,,,,,,,,,,,618,1900-03-26 11:45:08,0,1,0,0,0,0,0,0
Null,0,,,,,,,,,,,619,1900-03-26 11:45:28,1,0,0,0,0,0,0,0
Null,0,,,,,,,,,,,620,1900-03-26 11:47:45,0,1,0,0,0,0,0,0
Null,0,,,,,,,,,,,621,1900-03-26 11:48:43,1,0,0,0,0,0,0,0
Null,0,,,,,,,,,,,622,1900-03-26 11:49:07,1,0,0,0,0,0,0,0
Null,0,,,,,,,,,,,623,1900-03-26 11:58:18,0,1,0,0,0,0,0,0
Null,0,,,,,,,,,,,624,1900-03-26 11:58:20,0,1,0,0,0,0,0,0
Null,0,,,,,,,,,,,625,1900-03-26 11:59:22,1,0,0,0,0,0,0,0
Null,0,,,,,,,,,,,626,1900-03-26 12:02:02,0,0,0,0,0,0,1,0
CONFIRMED,3,-3.0,109,1060,1900-03-26 12:02:27,88,Valid,5,3,1,1,627,1900-03-26 12:02:30,1,0,0,0,0,0,0,0
Null,0,,,,,,,,,,,628,1900-03-26 12:06:20,1,0,0,0,0,0,0,0
Null,0,,,,,,,,,,,629,1900-03-26 12:13:31,1,0,0,0,0,0,0,0
Null,0,,,,,,,,,,,630,1900-03-26 12:13:51,0,0,0,0,0,0,1,0
Null,0,,,,,,,,,,,631,1900-03-26 12:14:25,0,1,0,0,0,0,0,0
Null,0,,,,,,,,,,,632,1900-03-26 12:14:27,0,1,0,0,0,0,0,0
Null,0,,,,,,,,,,,633,1900-03-26 12:14:53,0,1,0,0,0,0,0,0
Null,0,,,,,,,,,,,634,1900-03-26 12:15:25,0,1,0,0,0,0,0,0
Null,0,,,,,,,,,,,635,1900-03-26 12:15:27,0,1,0,0,0,0,0,0
Null,0,,,,,,,,,,,636,1900-03-26 12:15:31,0,0,0,0,0,0,1,0
CONFIRMED,2,-3.0,111,1069,1900-03-26 12:15:37,90,Valid,5,1,4,0,637,1900-03-26 12:15:40,0,1,0,0,0,0,0,0
Null,0,,,,,,,,,,,638,1900-03-26 12:15:43,0,1,0,0,0,0,0,0
Null,0,,,,,,,,,,,639,1900-03-26 12:15:50,0,1,0,0,0,0,0,0
Null,0,,,,,,,,,,,640,1900-03-26 12:15:55,0,0,0,0,0,0,1,0
Null,0,,,,,,,,,,,641,1900-03-26 12:16:41,0,1,0,0,0,0,0,0
Null,0,,,,,,,,,,,642,1900-03-26 12:17:07,1,0,0,0,0,0,0,0
Null,0,,,,,,,,,,,643,1900-03-26 12:17:24,1,0,0,0,0,0,0,0
Null,0,,,,,,,,,,,644,1900-03-26 12:17:27,1,0,0,0,0,0,0,0
Null,0,,,,,,,,,,,645,1900-03-26 12:17:42,1,0,0,0,0,0,0,0
Null,0,,,,,,,,,,,646,1900-03-26 12:17:44,0,0,0,0,0,1,0,0
Null,0,,,,,,,,,,,647,1900-03-26 12:17:49,0,1,0,0,0,0,0,0
Null,0,,,,,,,,,,,648,1900-03-26 12:18:19,0,0,0,0,0,0,1,0
CONFIRMED,2,-3.0,113,1077,1900-03-26 12:18:39,92,Valid,5,2,2,1,649,1900-03-26 12:18:42,1,0,0,0,0,0,0,0
Null,0,,,,,,,,,,,650,1900-03-26 12:18:57,1,1,0,0,0,0,0,0
Null,0,,,,,,,,,,,651,1900-03-26 12:19:07,0,1,0,0,0,0,0,0
Null,0,,,,,,,,,,,652,1900-03-26 12:20:39,1,0,0,0,0,0,0,0
CONFIRMED,1,-3.0,114,1082,1900-03-26 12:20:59,93,Valid,5,2,2,1,653,1900-03-26 12:21:02,1,0,0,0,0,0,0,0
Null,0,,,,,,,,,,,654,1900-03-26 12:21:34,1,0,0,0,0,0,0,0
Null,0,,,,,,,,,,,655,1900-03-26 12:21:35,1,0,0,0,0,0,0,0
Null,0,,,,,,,,,,,656,1900-03-26 12:21:37,0,1,0,0,0,0,0,0
Null,0,,,,,,,,,,,657,1900-03-26 12:21:51,0,0,0,1,0,0,0,0
Null,0,,,,,,,,,,,658,1900-03-26 12:22:29,0,1,0,0,0,0,0,0
Null,0,,,,,,,,,,,659,1900-03-26 12:22:37,1,0,0,0,0,0,0,0
Null,0,,,,,,,,,,,660,1900-03-26 12:22:39,1,0,0,0,0,0,0,0
Null,0,,,,,,,,,,,661,1900-03-26 12:23:36,1,0,0,0,0,0,0,0
CONFIRMED,1,-3.0,115,1086,1900-03-26 12:24:13,94,Valid,5,4,1,0,662,1900-03-26 12:24:16,1,0,0,0,0,0,0,0
Null,0,,,,,,,,,,,663,1900-03-26 12:24:25,1,0,0,0,0,0,0,0
Null,0,,,,,,,,,,,664,1900-03-26 12:24:36,1,0,0,0,0,0,0,0
Null,0,,,,,,,,,,,665,1900-03-26 12:24:38,0,1,0,0,0,0,0,0
Null,0,,,,,,,,,,,666,1900-03-26 12:25:12,1,0,0,0,0,0,0,0
Null,0,,,,,,,,,,,667,1900-03-26 12:25:16,0,1,0,0,0,0,0,0
CONFIRMED,1,-2.0,116,1088,1900-03-26 12:25:27,95,Valid,5,3,1,1,668,1900-03-26 12:25:29,0,1,0,0,0,0,0,0
Null,0,,,,,,,,,,,669,1900-03-26 12:25:40,1,0,0,0,0,0,0,0
Null,0,,,,,,,,,,,670,1900-03-26 12:25:48,1,0,0,0,0,0,0,0
Null,0,,,,,,,,,,,671,1900-03-26 12:25:55,1,0,0,0,0,0,0,0
Null,0,,,,,,,,,,,672,1900-03-26 12:26:17,1,0,0,0,0,0,0,0
CONFIRMED,1,-3.0,117,1092,1900-03-26 12:26:42,96,Valid,5,5,0,0,673,1900-03-26 12:26:45,1,0,0,0,0,0,0,0
Null,0,,,,,,,,,,,674,1900-03-26 12:27:00,1,0,0,0,0,0,0,0
Null,0,,,,,,,,,,,675,1900-03-26 12:27:37,1,0,0,0,0,0,0,0
Null,0,,,,,,,,,,,676,1900-03-26 12:27:47,0,1,0,0,0,0,0,0
Null,0,,,,,,,,,,,677,1900-03-26 12:29:22,1,0,0,0,0,0,0,0
CONFIRMED,1,-3.0,118,1098,1900-03-26 12:29:44,97,Valid,5,4,0,1,678,1900-03-26 12:29:47,1,0,0,0,0,0,0,0
Null,0,,,,,,,,,,,679,1900-03-26 12:29:57,0,1,0,0,0,0,0,0
Null,0,,,,,,,,,,,680,1900-03-26 12:30:30,0,1,0,0,0,0,0,0
Null,0,,,,,,,,,,,681,1900-03-26 12:30:58,0,1,0,0,0,0,0,0
FPpkt,1,,119,1102,1900-03-26 12:32:07,98,Valid,5,1,4,0,,,,,,,,,,
Null,0,,,,,,,,,,,682,1900-03-26 12:32:32,1,0,0,0,0,0,0,0
Null,0,,,,,,,,,,,683,1900-03-26 12:33:03,0,1,0,0,0,0,0,0
Null,0,,,,,,,,,,,684,1900-03-26 12:35:27,1,0,0,0,0,0,0,0
CONFIRMED,1,-3.0,120,1107,1900-03-26 12:36:07,99,Valid,5,3,2,0,685,1900-03-26 12:36:10,0,1,0,0,0,0,0,0
Null,0,,,,,,,,,,,686,1900-03-26 12:37:01,1,0,0,0,0,0,0,0
Null,0,,,,,,,,,,,687,1900-03-26 12:40:15,0,1,0,0,0,0,0,0
Null,0,,,,,,,,,,,688,1900-03-26 12:44:09,0,1,0,0,0,0,0,0
Null,0,,,,,,,,,,,689,1900-03-26 12:50:43,0,1,0,0,0,0,0,0
Null,0,,,,,,,,,,,690,1900-03-26 12:54:50,0,1,0,0,0,0,0,0
Null,0,,,,,,,,,,,691,1900-03-26 12:55:10,0,1,0,0,0,0,0,0
Null,0,,,,,,,,,,,692,1900-03-26 12:56:13,1,0,0,0,0,0,0,0
Null,0,,,,,,,,,,,693,1900-03-26 12:56:24,1,0,0,0,0,0,0,0
Null,0,,,,,,,,,,,694,1900-03-26 13:06:01,1,0,0,0,0,0,0,0
Null,0,,,,,,,,,,,695,1900-03-26 13:08:04,1,0,0,0,0,0,0,0
Null,0,,,,,,,,,,,696,1900-03-26 13:10:30,1,0,0,0,0,0,0,0
Null,0,,,,,,,,,,,697,1900-03-26 13:22:45,1,0,0,0,0,0,0,0
Null,0,,,,,,,,,,,698,1900-03-26 13:22:51,0,1,0,0,0,0,0,0
Null,0,,,,,,,,,,,699,1900-03-26 13:32:24,1,0,0,0,0,0,0,0
Null,0,,,,,,,,,,,700,1900-03-26 13:32:27,0,0,0,0,0,0,1,0
Null,0,,,,,,,,,,,701,1900-03-26 13:44:47,0,1,0,0,0,0,0,0
Null,0,,,,,,,,,,,702,1900-03-26 13:44:50,1,0,0,0,0,0,0,0
Null,0,,,,,,,,,,,703,1900-03-26 13:45:05,0,0,0,0,0,0,1,0
Null,0,,,,,,,,,,,704,1900-03-26 13:45:12,0,1,0,0,0,0,0,0
Null,0,,,,,,,,,,,705,1900-03-26 13:45:20,0,1,0,0,0,0,0,0
Null,0,,,,,,,,,,,706,1900-03-26 13:45:35,0,1,0,0,0,0,0,0
CONFIRMED,3,2.0,123,1129,1900-03-26 13:45:44,104,Valid,5,1,3,1,707,1900-03-26 13:45:42,0,1,0,0,0,0,0,0
Null,0,,,,,,,,,,,708,1900-03-26 13:45:50,0,0,0,0,0,0,1,0
Null,0,,,,,,,,,,,709,1900-03-26 13:45:10,0,1,0,0,0,0,0,0
Null,0,,,,,,,,,,,710,1900-03-26 13:46:12,1,0,0,0,0,0,0,0
Null,0,,,,,,,,,,,711,1900-03-26 13:46:15,0,1,0,0,0,0,0,0
Null,0,,,,,,,,,,,712,1900-03-26 13:46:32,0,1,0,0,0,0,0,0
Null,0,,,,,,,,,,,713,1900-03-26 13:46:44,0,1,0,0,0,0,0,0
CONFIRMED,3,-3.0,126,1135,1900-03-26 13:48:19,105,Valid,5,1,4,0,714,1900-03-26 13:48:22,1,0,0,0,0,0,0,0
Null,0,,,,,,,,,,,715,1900-03-26 13:48:45,0,0,0,0,0,1,0,0
Null,0,,,,,,,,,,,716,1900-03-26 13:49:21,0,1,0,0,0,0,0,0
Null,0,,,,,,,,,,,717,1900-03-26 13:50:38,1,0,0,0,0,0,0,0
Null,0,,,,,,,,,,,718,1900-03-26 13:50:52,0,1,0,0,0,0,0,0
CONFIRMED,1,-4.0,127,1136,1900-03-26 13:51:19,106,Valid,5,3,2,0,719,1900-03-26 13:51:23,1,0,0,0,0,0,0,0
Null,0,,,,,,,,,,,720,1900-03-26 13:51:56,1,0,0,0,0,0,0,0
Null,0,,,,,,,,,,,721,1900-03-26 13:52:21,1,0,0,0,0,0,0,0
Null,0,,,,,,,,,,,722,1900-03-26 13:54:25,1,0,0,0,0,0,0,0
Null,0,,,,,,,,,,,723,1900-03-26 13:56:32,0,1,0,0,0,0,0,0
Null,0,,,,,,,,,,,724,1900-03-26 13:57:08,0,1,0,0,0,0,0,0
Null,0,,,,,,,,,,,725,1900-03-26 13:58:35,1,0,0,0,0,0,0,0
Null,0,,,,,,,,,,,726,1900-03-26 13:58:46,1,0,0,0,0,0,0,0
Null,0,,,,,,,,,,,727,1900-03-26 13:58:52,0,1,0,0,0,0,0,0
Null,0,,,,,,,,,,,728,1900-03-26 13:59:14,1,0,0,0,0,0,0,0
Null,0,,,,,,,,,,,729,1900-03-26 13:59:37,1,0,0,0,0,0,0,0
Null,0,,,,,,,,,,,730,1900-03-26 14:12:47,0,1,0,0,0,0,0,0
Null,0,,,,,,,,,,,731,1900-03-26 14:14:22,1,0,0,0,0,0,0,0
Null,0,,,,,,,,,,,732,1900-03-26 14:24:41,0,0,0,0,0,0,1,0
Null,0,,,,,,,,,,,733,1900-03-26 14:46:32,0,1,0,0,0,0,0,0
Null,0,,,,,,,,,,,734,1900-03-26 14:48:43,1,0,0,0,0,0,0,0
Null,0,,,,,,,,,,,735,1900-03-26 14:57:35,0,1,0,0,0,0,0,0
Null,0,,,,,,,,,,,736,1900-03-26 14:59:31,1,0,0,0,0,0,0,0
Null,0,,,,,,,,,,,737,1900-03-26 15:00:38,0,1,0,0,0,0,0,0
Null,0,,,,,,,,,,,738,1900-03-26 15:08:27,1,0,0,0,0,0,0,0
Null,0,,,,,,,,,,,739,1900-03-26 15:11:40,0,1,0,0,0,0,0,0
Null,0,,,,,,,,,,,740,1900-03-26 15:13:25,1,0,0,0,0,0,0,0
Null,0,,,,,,,,,,,741,1900-03-26 15:18:49,0,0,0,0,0,1,0,0
Null,0,,,,,,,,,,,742,1900-03-26 15:19:29,0,1,0,0,0,0,0,0
Null,0,,,,,,,,,,,743,1900-03-26 15:19:37,0,1,0,0,0,0,0,0
Null,0,,,,,,,,,,,744,1900-03-26 15:19:54,0,1,0,0,0,0,0,0
Null,0,,,,,,,,,,,745,1900-03-26 15:19:54,0,1,0,0,0,0,0,0
Null,0,,,,,,,,,,,746,1900-03-26 15:21:54,1,0,0,0,0,0,0,0
Null,0,,,,,,,,,,,747,1900-03-26 15:23:39,0,1,0,0,0,0,0,0
Null,0,,,,,,,,,,,748,1900-03-26 15:25:03,1,0,0,0,0,0,0,0
CONFIRMED,3,-4.0,130,1160,1900-03-26 15:25:26,112,Valid,5,3,2,0,749,1900-03-26 15:25:30,1,0,0,0,0,0,0,0
Null,0,,,,,,,,,,,750,1900-03-26 15:26:55,0,1,0,0,0,0,0,0
Null,0,,,,,,,,,,,751,1900-03-26 15:26:59,1,0,0,0,0,0,0,0
Null,0,,,,,,,,,,,752,1900-03-26 15:28:32,0,1,0,0,0,0,0,0
CONFIRMED,1,-3.0,131,1164,1900-03-26 15:29:11,113,Valid,5,2,2,1,753,1900-03-26 15:29:14,1,0,0,0,0,0,0,0
Null,0,,,,,,,,,,,754,1900-03-26 15:30:22,0,1,0,0,0,0,0,0
Null,0,,,,,,,,,,,755,1900-03-26 15:33:35,1,0,0,0,0,0,0,0
Null,0,,,,,,,,,,,756,1900-03-26 15:35:49,0,1,0,0,0,0,0,0
Null,0,,,,,,,,,,,757,1900-03-26 15:46:45,0,1,0,0,0,0,0,0
Null,0,,,,,,,,,,,758,1900-03-26 15:53:27,1,0,0,0,0,0,0,0
Null,0,,,,,,,,,,,759,1900-03-26 15:56:49,0,1,0,0,0,0,0,0
Null,0,,,,,,,,,,,760,1900-03-26 15:57:37,0,1,0,0,0,0,0,0
Null,0,,,,,,,,,,,761,1900-03-26 15:57:39,1,0,0,0,0,0,0,0
Null,0,,,,,,,,,,,762,1900-03-26 16:01:06,1,0,0,0,0,0,0,0
Null,0,,,,,,,,,,,763,1900-03-26 16:05:35,0,1,0,0,0,0,0,0
Null,0,,,,,,,,,,,764,1900-03-26 16:07:35,1,0,0,0,0,0,0,0
Null,0,,,,,,,,,,,765,1900-03-26 16:12:48,0,1,0,0,0,0,0,0
Null,0,,,,,,,,,,,766,1900-03-26 16:16:06,1,0,0,0,0,0,0,0
